{
  "type": "minecraft:crafting_shaped",
  "category": "misc",
  "key": {
    "a": "minecraft:structure_void"
    },
  "pattern": [
    "aaa",
    "aaa",
    "aaa"
  ],
  "unlock": [{"item":"minecraft:structure_void"}],
  "result": {
    "id": "minecraft:structure_block",
    "count": 1,
    "components":{
        "custom_name": {"text":"Corazon","color":"red","bold":true},
        "custom_data": {"item_tag":"iiicora"},
        "lore": [
            {"text":"Aumentara tu vida si lo tienes en el inventario","italic":false,"color":"light_purple"}
        ]
    }
  }
}