{
  "type": "minecraft:crafting_shaped",
  "category": "misc",
  "key": {
    "a": "minecraft:phantom_membrane",
    "b": "minecraft:iron_block"
    },
  "pattern": [
    "aaa",
    "aba",
    "aaa"
  ],
  "result": {
    "count": 1,
    "id": "minecraft:paper",
    "components":{
        "custom_name": {"text":"Dormir","color":"aqua","bold":true},
        "custom_data": {"item_tag":"iiidormir"},
        "lore": [
            {"text":"Ya puedes Dormir :D","italic":false,"color":"light_purple"}
        ]
    }
  }
}