{
  "type": "minecraft:crafting_shaped",
  "category": "misc",
  "key": {
    "a": "minecraft:structure_block",
    "b": "minecraft:totem_of_undying"
    },
  "pattern": [
    "aaa",
    "aba",
    "aaa"
  ],
  "result": {
    "count": 1,
    "id": "minecraft:totem_of_undying",
    "components": {
      "custom_name": {
        "text": "God's Totem",
        "color": "red",
        "italic": false,
        "bold": true
      },
      "custom_data": {
        "item_tag": "vidaextra2"
      }
    }
  }
}