{
  "display": {
    "icon": {
      "id": "minecraft:paper"
    },
    "title": {"text":"Ahora dormir es menos pesado","color":"aqua","bold":true},
    "description": {"text":"Ya puedes Dormir :D","italic":false,"color":"light_purple"},
    "frame": "task",
    "show_toast": true,
    "announce_to_chat": true,
    "hidden": false
  },
  "parent": "minecraft:adventure/sleep_in_bed",
  "criteria": {
    "example": {
      "trigger": "minecraft:recipe_unlocked",
      "conditions": {
        "recipe": "crafteos:dormir"
      }
    }
  }
}